{
    "name": "root",
    "metadata": {
        "timer_format_version": "0.1.0",
        "start_time_seconds": "1651098888",
        "python_version": "3.7.9 (tags/v3.7.9:13c94747c7, Aug 17 2020, 18:58:18) [MSC v.1900 64 bit (AMD64)]",
        "command_line_arguments": "C:\\Users\\AlexJaeger\\Desktop\\GameProjects\\MachineLeaningRaceParking\\MLRaceParking\\venv\\Scripts\\mlagents-learn --run-id=moveToGoal --resume",
        "mlagents_version": "0.20.0",
        "mlagents_envs_version": "0.20.0",
        "communication_protocol_version": "1.1.0",
        "tensorflow_version": "2.7.1",
        "numpy_version": "1.18.5",
        "end_time_seconds": "1651098895"
    },
    "total": 7.375343600000001,
    "count": 1,
    "self": 0.16033160000000102,
    "children": {
        "run_training.setup": {
            "total": 0.008362100000000039,
            "count": 1,
            "self": 0.008362100000000039
        },
        "TrainerController.start_learning": {
            "total": 7.2066498999999995,
            "count": 1,
            "self": 0.00858789999999754,
            "children": {
                "TrainerController._reset_env": {
                    "total": 7.037018700000001,
                    "count": 1,
                    "self": 7.037018700000001
                },
                "trainer_threads": {
                    "total": 2.360000000045659e-05,
                    "count": 1,
                    "self": 2.360000000045659e-05,
                    "children": {
                        "thread_root": {
                            "total": 0.0,
                            "count": 0,
                            "is_parallel": true,
                            "self": 0.0,
                            "children": {
                                "trainer_advance": {
                                    "total": 0.008498799999999918,
                                    "count": 1,
                                    "is_parallel": true,
                                    "self": 2.999999999886427e-05,
                                    "children": {
                                        "process_trajectory": {
                                            "total": 0.008468800000001053,
                                            "count": 1,
                                            "is_parallel": true,
                                            "self": 0.008468800000001053
                                        }
                                    }
                                }
                            }
                        }
                    }
                },
                "TrainerController._save_models": {
                    "total": 0.16101970000000065,
                    "count": 1,
                    "self": 0.004120900000000205,
                    "children": {
                        "RLTrainer._checkpoint": {
                            "total": 0.15689880000000045,
                            "count": 1,
                            "self": 0.15689880000000045
                        }
                    }
                }
            }
        }
    }
}